topic,sentiment_mean,sentiment_std,subjectivity_mean,subjectivity_std,counting
Brasilien,0.00790006415736994,0.9270148573187358,-0.33677212029417664,1.0029691624619084,11.0
Deutschland,0.14360412340356427,0.7220856497589961,0.02349089448974862,0.694627111729289,13.0
EU,-0.795159534637527,1.0,-0.24314156243321342,1.0,1.0
Indien,-0.474555341181041,1.0604355986846359,0.8329720231135077,0.635177178885968,3.0
Russland,-0.17178789491716384,0.7661943287968687,-0.1885093251226412,0.8739154361404398,32.0
UK,0.19719906319142796,0.831987113305738,0.3403431679400059,0.8873912383859134,23.0
USA,0.062031881077099484,0.7830370226783901,0.1281348816819406,0.7458286557943781,128.0
