week,sentiment_mean,sentiment_std,subjectivity_mean,subjectivity_std,counting
0000-00,0.0,0.0,0.0,0.0,2.0
2023-14,0.22081977328562022,1.1031371679952804,0.3238881991955941,0.8026076042141064,40.0
2023-15,-0.08028222424653086,0.7892429434472087,-0.13750260323413735,0.8027106950736905,63.0
2023-16,-0.23606870377939923,0.8565868012955952,-0.1320457696565781,0.8840530523501079,80.0
2023-17,0.12150177549992444,0.764337224814841,-0.05850677699288429,0.7988846082486506,103.0
2023-18,0.033115904854664084,0.8626277887985665,0.11860718224215908,0.8939228082979304,325.0
