week,sentiment_mean,sentiment_std,subjectivity_mean,subjectivity_std,counting
0000-00,0.0,0.0,0.0,0.0,2.0
2023-14,0.2537269910400388,1.0380024736303723,0.26122302133633307,0.8316730830993574,48.0
2023-15,-0.0854701432800815,0.8064279267828419,-0.13737689697584257,0.7710995258543587,65.0
2023-16,-0.2363506469646798,0.831452429056347,-0.12225435865918126,0.8680027561655299,84.0
2023-17,0.1258040990866643,0.7621523346170014,-0.06167225592280869,0.7935565960548673,115.0
2023-18,0.022579222198284194,0.8772590650500653,0.11675743357379988,0.907960264635877,383.0
