week,sentiment_mean,sentiment_std,subjectivity_mean,subjectivity_std,counting
0000-00,0.0,0.0,0.0,0.0,2.0
2023-14,0.1781818700444422,1.0813222760436765,0.15677338632139845,0.86684392856162,62.0
2023-15,0.010243609986624358,0.8346706595607348,-0.1259461710202706,0.9279551318145146,242.0
2023-16,-0.11823638107643099,0.8503997821879485,-0.09542845225359932,0.9169659457831428,212.0
2023-17,0.08858961178832019,0.899077556801665,0.008429044721780063,0.8974412966581871,285.0
2023-18,-0.002359500883869557,0.9605994848162145,0.08220613544367145,0.91157312930157,671.0
2023-19,-0.0016138527029448085,0.8687562115074117,0.13580860785468035,0.947817091496334,224.0
