week,sentiment_mean,sentiment_std,subjectivity_mean,subjectivity_std,counting
0000-00,0.0,0.0,0.0,0.0,3.0
2023-14,0.23917636619325228,1.0774367996596592,0.10782172191048027,0.8346926191204342,62.0
2023-15,0.03675659746588921,0.897570046608086,-0.16324948017559962,0.9588019398438494,260.0
2023-16,-0.10327963373947438,0.8818878973313627,-0.12620335804688462,0.934752768085439,316.0
2023-17,0.03162253604216432,0.9087574917983173,0.037292254190625033,0.8890066947900451,463.0
2023-18,0.01436743710843476,0.9721994675738989,0.06780304199508198,0.9355254053520469,893.0
2023-19,-0.011388748319200505,0.9087035707387299,0.06099552366166691,0.964725337087745,750.0
2023-20,0.02752811679818203,0.9972272558726553,0.085953800791283,0.8748893940752781,98.0
