week,sentiment_mean,sentiment_std,subjectivity_mean,subjectivity_std,counting
2023-14,-0.06561273668024371,1.0462881038745824,0.4088106226761827,0.7631871979217177,11.0
2023-15,-0.15553317753023224,0.5607998345936211,0.17242601315664047,0.6779673643194847,21.0
2023-16,-0.21919380118231743,0.7181688036278722,-0.3304792373664517,0.7190903498937031,30.0
2023-17,-0.02080611747151109,0.6555450551717676,-0.04269594308424227,0.6549252574127872,31.0
2023-18,0.19709598197317657,0.8590122637414718,0.20692379000558966,0.8750953641107568,83.0
