week,sentiment_mean,sentiment_std,subjectivity_mean,subjectivity_std,counting
0000-00,0.0,0.0,0.0,0.0,2.0
2023-14,0.1704093658594823,1.107614235430103,0.17726916353690886,0.8448583311402623,59.0
2023-15,0.04876025754980845,0.8715851556577201,-0.035351467581526325,0.9211482563308897,167.0
2023-16,-0.15742628595564498,0.830240270975042,-0.17512202514944347,0.9454274507035818,147.0
2023-17,0.09725022231204002,0.8628814147856241,-0.017645391666284628,0.883056986695192,181.0
2023-18,-0.0049510787590075645,0.9222054647267172,0.09834869280536794,0.9028160808751038,574.0
2023-19,0.019420527729611052,0.6672559415767183,0.12245403215179344,0.7973354365677864,40.0
