topic,sentiment_mean,sentiment_std,subjectivity_mean,subjectivity_std,counting
Brasilien,-0.10333033776958243,0.9939572829693303,-0.272038223682154,1.0286200178705323,11.0
Deutschland,0.08380007192777458,0.4441881250396853,-0.06273723379109222,0.41398310752308753,8.0
Russland,-0.12186485944462176,0.7526270575992312,-0.14881722631287003,0.865664659694791,32.0
UK,0.11342425340478272,0.8885488099009993,0.4001382915738674,0.8956774542240247,23.0
USA,0.06771938048069452,0.7912046857212994,0.1285085804532516,0.7409114507860073,102.0
