week,sentiment_mean,sentiment_std,subjectivity_mean,subjectivity_std,counting
0000-00,0.0,0.0,0.0,0.0,2.0
2023-14,0.16262437595316762,1.0976643738243563,0.1565871400768925,0.8612645503954796,61.0
2023-15,0.04127058890584437,0.853954094879313,-0.09587951703112439,0.9164971431426278,198.0
2023-16,-0.12110124064387885,0.8355025171695986,-0.08693513322038134,0.9344707051394059,175.0
2023-17,0.04892337616600645,0.8865744057930843,-0.019231075559457418,0.8894659632148906,210.0
2023-18,9.77972811009433e-05,0.9346465891029996,0.10706249673872784,0.9117476697842615,590.0
2023-19,0.07389926421469477,0.6332277052864536,0.13746920629783785,0.7510068936585856,46.0
