week,sentiment_mean,sentiment_std,subjectivity_mean,subjectivity_std,counting
0000-00,0.0,0.0,0.0,0.0,3.0
2023-14,0.22573052722017625,1.0981711747727447,0.09444336725781223,0.846720502102614,62.0
2023-15,0.03890427188894583,0.9157769011472578,-0.16191655958858922,0.9667723643656436,260.0
2023-16,-0.11038828254566559,0.8813989946982682,-0.12319798149672645,0.951277866318418,322.0
2023-17,0.03422457189369147,0.9155866210145139,0.04027466687501578,0.8999691263207223,503.0
2023-18,0.015780881086051336,0.9767628149741552,0.06503578705236233,0.9601506680057612,971.0
2023-19,0.015220985484268455,0.9231995449100873,0.05618921618107131,0.9650626473232979,813.0
2023-20,-0.030272444972732796,0.9324430019449594,0.027358313516741846,0.876409874008066,218.0
2023-21,-0.10148986624962626,0.9457291016003834,-0.00222956096649851,0.8541242413029296,122.0
