week,sentiment_mean,sentiment_std,subjectivity_mean,subjectivity_std,counting
0000-00,0.0,0.0,0.0,0.0,2.0
2023-14,0.15864168417527036,1.0961986099348313,0.1616864133708535,0.8604368078733036,62.0
2023-15,0.038247857782704946,0.8504807350035907,-0.10702143782772394,0.9147870158976995,211.0
2023-16,-0.11776642840688029,0.87032412017772,-0.07055375952271321,0.9405155110821836,183.0
2023-17,0.04654911105363451,0.8915896713430557,-0.0025711099665101335,0.8848430974093987,220.0
2023-18,-0.0077045856511722645,0.9284417682917093,0.0948658194216787,0.9084505479267602,601.0
2023-19,0.10608904956448352,0.758484740495456,0.17032153934817476,0.8876148874223877,75.0
