week,sentiment_mean,sentiment_std,subjectivity_mean,subjectivity_std,counting
2023-14,-0.013636925037863235,1.1041088029836557,0.44492122507373116,0.7255413267626742,12.0
2023-15,-0.13166747080600605,0.5756289883487604,0.11772582044408185,0.6845909772233565,22.0
2023-16,-0.19758654224126299,0.782597410700139,-0.22217643836723067,0.7931754692499445,38.0
2023-17,0.03478883224636203,0.6558279798848717,-0.12979852214429646,0.6619399092251068,36.0
2023-18,0.15562712085635472,0.8273280117837466,0.21592185272346584,0.8482327769501203,103.0
